[
  {
    "id": "f1859284-0804-4b16-8732-9714d985b2ae",
    "data": [
      {
        "text": "possuo fotos",
        "userDefined": false
      }
    ],
    "isTemplate": false,
    "count": 0,
    "lang": "pt-br",
    "updated": 0
  },
  {
    "id": "365b6fc3-8ca7-433f-92b4-ddbe03b109c0",
    "data": [
      {
        "text": "tenho",
        "meta": "@tem_nf",
        "alias": "tem_nf",
        "userDefined": false
      },
      {
        "text": " link de ",
        "userDefined": false
      },
      {
        "text": "um",
        "meta": "@sys.number",
        "alias": "number",
        "userDefined": false
      },
      {
        "text": " video",
        "userDefined": false
      }
    ],
    "isTemplate": false,
    "count": 0,
    "lang": "pt-br",
    "updated": 0
  },
  {
    "id": "f2f334c8-e2a1-490c-abc8-d249029b7681",
    "data": [
      {
        "text": "eu ",
        "userDefined": false
      },
      {
        "text": "tenho",
        "meta": "@tem_nf",
        "alias": "tem_nf",
        "userDefined": false
      },
      {
        "text": " provas",
        "userDefined": false
      }
    ],
    "isTemplate": false,
    "count": 0,
    "lang": "pt-br",
    "updated": 0
  },
  {
    "id": "94585d09-6084-46d7-868f-ccea1dbee054",
    "data": [
      {
        "text": "eu ",
        "userDefined": false
      },
      {
        "text": "tenho",
        "meta": "@tem_nf",
        "alias": "tem_nf",
        "userDefined": false
      },
      {
        "text": " ",
        "userDefined": false
      },
      {
        "text": "um",
        "meta": "@sys.number",
        "alias": "number",
        "userDefined": false
      },
      {
        "text": " vídeo que desejo mandar",
        "userDefined": false
      }
    ],
    "isTemplate": false,
    "count": 0,
    "lang": "pt-br",
    "updated": 0
  },
  {
    "id": "25518e62-6df6-4990-b691-7ad8f99ff565",
    "data": [
      {
        "text": "desejo mandar as fotos",
        "userDefined": false
      }
    ],
    "isTemplate": false,
    "count": 0,
    "lang": "pt-br",
    "updated": 0
  },
  {
    "id": "78047ad8-1bed-41ad-839a-aaa92db2d82d",
    "data": [
      {
        "text": "quero anexar provas",
        "userDefined": false
      }
    ],
    "isTemplate": false,
    "count": 0,
    "lang": "pt-br",
    "updated": 0
  },
  {
    "id": "486b21b0-89cb-4a67-b405-6a7a1a8cc675",
    "data": [
      {
        "text": "tenho",
        "meta": "@tem_nf",
        "alias": "tem_nf",
        "userDefined": false
      },
      {
        "text": " o  link ",
        "userDefined": false
      },
      {
        "text": "para",
        "meta": "@uf",
        "alias": "uf",
        "userDefined": false
      },
      {
        "text": " as provas",
        "userDefined": false
      }
    ],
    "isTemplate": false,
    "count": 0,
    "lang": "pt-br",
    "updated": 0
  },
  {
    "id": "150d4c45-1622-467c-99e5-df981ecd248d",
    "data": [
      {
        "text": "como anexo a imagem?",
        "userDefined": false
      }
    ],
    "isTemplate": false,
    "count": 0,
    "lang": "pt-br",
    "updated": 0
  },
  {
    "id": "a30cf343-9897-40e0-99b0-6ae29bf94656",
    "data": [
      {
        "text": "posso mandar o link da nota fiscal?",
        "userDefined": false
      }
    ],
    "isTemplate": false,
    "count": 0,
    "lang": "pt-br",
    "updated": 0
  },
  {
    "id": "6a41f2ab-4dfd-4868-bb49-7ed3022cf6d1",
    "data": [
      {
        "text": "quero enviar ",
        "userDefined": false
      },
      {
        "text": "uma",
        "meta": "@sys.number",
        "alias": "number",
        "userDefined": false
      },
      {
        "text": " foto",
        "userDefined": false
      }
    ],
    "isTemplate": false,
    "count": 0,
    "lang": "pt-br",
    "updated": 0
  }
]