[
  {
    "id": "5fcba973-f9cf-4b1d-bf86-1fc44f43d7c2",
    "data": [
      {
        "text": "cansei",
        "userDefined": false
      }
    ],
    "isTemplate": false,
    "count": 0,
    "lang": "pt-br",
    "updated": 0
  },
  {
    "id": "755e572e-dba9-42bb-bfc5-32a10953d843",
    "data": [
      {
        "text": "tchau",
        "userDefined": false
      }
    ],
    "isTemplate": false,
    "count": 0,
    "lang": "pt-br",
    "updated": 0
  },
  {
    "id": "f0314403-5d68-42a0-b8ab-74f11de97960",
    "data": [
      {
        "text": "paro",
        "meta": "@sys.last-name",
        "alias": "last-name",
        "userDefined": false
      },
      {
        "text": " ",
        "userDefined": false
      },
      {
        "text": "por aqui",
        "meta": "@sys.location",
        "alias": "location",
        "userDefined": false
      }
    ],
    "isTemplate": false,
    "count": 0,
    "lang": "pt-br",
    "updated": 0
  },
  {
    "id": "ea7eec84-540c-4bbf-a7a4-c83862443902",
    "data": [
      {
        "text": "deixa quieto",
        "userDefined": false
      }
    ],
    "isTemplate": false,
    "count": 0,
    "lang": "pt-br",
    "updated": 0
  },
  {
    "id": "f55cbe71-03ca-4e4c-879f-f511cddf7938",
    "data": [
      {
        "text": "desisto",
        "meta": "@sys.last-name",
        "alias": "last-name",
        "userDefined": false
      }
    ],
    "isTemplate": false,
    "count": 0,
    "lang": "pt-br",
    "updated": 0
  },
  {
    "id": "34109e74-38e1-4b23-8819-a935d49b9791",
    "data": [
      {
        "text": "deixa pra lá",
        "userDefined": false
      }
    ],
    "isTemplate": false,
    "count": 0,
    "lang": "pt-br",
    "updated": 0
  },
  {
    "id": "edcf8e60-aa8c-4132-b393-75a6bdcb599d",
    "data": [
      {
        "text": "esqueci",
        "userDefined": false
      }
    ],
    "isTemplate": false,
    "count": 0,
    "lang": "pt-br",
    "updated": 0
  },
  {
    "id": "719c3b87-7e07-4a0e-b3a7-915d2f415c40",
    "data": [
      {
        "text": "parar",
        "meta": "@uf",
        "alias": "uf",
        "userDefined": false
      }
    ],
    "isTemplate": false,
    "count": 0,
    "lang": "pt-br",
    "updated": 0
  },
  {
    "id": "66e2e0b9-4165-4364-baa5-c811fb8b49f2",
    "data": [
      {
        "text": "não quero mais",
        "userDefined": false
      }
    ],
    "isTemplate": false,
    "count": 0,
    "lang": "pt-br",
    "updated": 0
  },
  {
    "id": "b618eec8-337f-489e-8e2e-65ffc84f5b7d",
    "data": [
      {
        "text": "cancela",
        "meta": "@sys.last-name",
        "alias": "last-name",
        "userDefined": false
      }
    ],
    "isTemplate": false,
    "count": 0,
    "lang": "pt-br",
    "updated": 0
  },
  {
    "id": "96444f7e-9f76-4d95-ad00-d51af99809a6",
    "data": [
      {
        "text": "cancelar",
        "userDefined": false
      }
    ],
    "isTemplate": false,
    "count": 0,
    "lang": "pt-br",
    "updated": 0
  }
]