[
  {
    "id": "cb3455ca-8801-4a35-9605-0ada4f98f436",
    "data": [
      {
        "text": "tudo ",
        "userDefined": false
      },
      {
        "text": "bem",
        "meta": "@sys.person",
        "alias": "person",
        "userDefined": false
      },
      {
        "text": "?",
        "userDefined": false
      }
    ],
    "isTemplate": false,
    "count": 0,
    "lang": "pt-br",
    "updated": 0
  },
  {
    "id": "4c6561aa-a55e-449c-9891-ce168469a044",
    "data": [
      {
        "text": "eai",
        "meta": "@sys.location",
        "alias": "location",
        "userDefined": false
      }
    ],
    "isTemplate": false,
    "count": 0,
    "lang": "pt-br",
    "updated": 0
  },
  {
    "id": "8b61660c-858c-4448-8a04-eb54a4e1e1c3",
    "data": [
      {
        "text": "boa ",
        "userDefined": false
      },
      {
        "text": "noite",
        "meta": "@sys.time-period",
        "alias": "time-period",
        "userDefined": false
      }
    ],
    "isTemplate": false,
    "count": 0,
    "lang": "pt-br",
    "updated": 0
  },
  {
    "id": "e3c92359-7a47-426a-aa42-92ed5c60651b",
    "data": [
      {
        "text": "boa ",
        "userDefined": false
      },
      {
        "text": "tarde",
        "meta": "@sys.date-time",
        "alias": "date-time",
        "userDefined": false
      }
    ],
    "isTemplate": false,
    "count": 0,
    "lang": "pt-br",
    "updated": 0
  },
  {
    "id": "d341811e-e7a2-4d21-b2ee-baa8df42d866",
    "data": [
      {
        "text": "bom dia",
        "userDefined": false
      }
    ],
    "isTemplate": false,
    "count": 0,
    "lang": "pt-br",
    "updated": 0
  },
  {
    "id": "7a2117fd-58df-4d9b-8e59-a3d84f8c76ac",
    "data": [
      {
        "text": "olá",
        "meta": "@sys.person",
        "alias": "person",
        "userDefined": false
      }
    ],
    "isTemplate": false,
    "count": 0,
    "lang": "pt-br",
    "updated": 0
  },
  {
    "id": "bd66f1ac-af89-45e1-9290-51aab28e9b33",
    "data": [
      {
        "text": "oi",
        "meta": "@sys.location",
        "alias": "location",
        "userDefined": false
      }
    ],
    "isTemplate": false,
    "count": 0,
    "lang": "pt-br",
    "updated": 0
  }
]