[
  {
    "id": "cf87b761-5459-4cce-96d8-ebceca90d2b3",
    "data": [
      {
        "text": "tinta está ",
        "userDefined": false
      },
      {
        "text": "muito forte",
        "meta": "@defeitos",
        "alias": "defeitos",
        "userDefined": true
      }
    ],
    "isTemplate": false,
    "count": 0,
    "lang": "pt-br",
    "updated": 0
  },
  {
    "id": "05ad073f-7ea9-417d-a7a8-53100cb1b230",
    "data": [
      {
        "text": "tinta está ",
        "userDefined": false
      },
      {
        "text": "borrando",
        "meta": "@defeitos",
        "alias": "defeitos",
        "userDefined": true
      },
      {
        "text": " o papel",
        "userDefined": false
      }
    ],
    "isTemplate": false,
    "count": 0,
    "lang": "pt-br",
    "updated": 0
  },
  {
    "id": "79ac7de7-4bf6-4ebd-b554-8667063f0634",
    "data": [
      {
        "text": "toner com ",
        "userDefined": false
      },
      {
        "text": "defeito",
        "meta": "@defeitos",
        "alias": "defeitos",
        "userDefined": true
      }
    ],
    "isTemplate": false,
    "count": 0,
    "lang": "pt-br",
    "updated": 0
  },
  {
    "id": "61b4fdf0-189c-41c7-a733-9a6d1615f9b1",
    "data": [
      {
        "text": "a tinta está ",
        "userDefined": false
      },
      {
        "text": "muito fraca",
        "meta": "@defeitos",
        "alias": "defeitos",
        "userDefined": true
      }
    ],
    "isTemplate": false,
    "count": 0,
    "lang": "pt-br",
    "updated": 0
  },
  {
    "id": "d953b7c3-f7bc-419e-9b4f-56f3c4d432d0",
    "data": [
      {
        "text": "a impressão está ",
        "userDefined": false
      },
      {
        "text": "muito fraca",
        "meta": "@defeitos",
        "alias": "defeitos",
        "userDefined": true
      }
    ],
    "isTemplate": false,
    "count": 0,
    "lang": "pt-br",
    "updated": 0
  },
  {
    "id": "1decac11-57da-4e6e-b671-c9b15d1abf2a",
    "data": [
      {
        "text": "vazamento",
        "meta": "@defeitos",
        "alias": "defeitos",
        "userDefined": true
      },
      {
        "text": " de tinta",
        "userDefined": false
      }
    ],
    "isTemplate": false,
    "count": 0,
    "lang": "pt-br",
    "updated": 0
  },
  {
    "id": "272d2c06-ae26-48d7-831d-93384b871f20",
    "data": [
      {
        "text": "cartucho está com ",
        "userDefined": false
      },
      {
        "text": "defeitos",
        "meta": "@defeitos",
        "alias": "defeitos",
        "userDefined": true
      }
    ],
    "isTemplate": false,
    "count": 0,
    "lang": "pt-br",
    "updated": 0
  },
  {
    "id": "298769c4-90d4-43b0-90b9-a0aa901726fc",
    "data": [
      {
        "text": "toner está com ",
        "userDefined": false
      },
      {
        "text": "problemas",
        "meta": "@defeitos",
        "alias": "defeitos",
        "userDefined": true
      }
    ],
    "isTemplate": false,
    "count": 0,
    "lang": "pt-br",
    "updated": 0
  },
  {
    "id": "102f50a9-39be-426f-a10c-2f50fd1074d7",
    "data": [
      {
        "text": "está ",
        "userDefined": false
      },
      {
        "text": "vazando",
        "meta": "@defeitos",
        "alias": "defeitos",
        "userDefined": true
      },
      {
        "text": " tinta",
        "userDefined": false
      }
    ],
    "isTemplate": false,
    "count": 0,
    "lang": "pt-br",
    "updated": 0
  },
  {
    "id": "a4612752-a1e8-400b-ad61-b2cec3bddb26",
    "data": [
      {
        "text": "cartucho ",
        "userDefined": false
      },
      {
        "text": "vazando",
        "meta": "@defeitos",
        "alias": "defeitos",
        "userDefined": true
      }
    ],
    "isTemplate": false,
    "count": 0,
    "lang": "pt-br",
    "updated": 0
  }
]