[
  {
    "id": "8acaad02-a333-4990-8a1a-c02caf1781db",
    "data": [
      {
        "text": "tem ",
        "userDefined": false
      },
      {
        "text": "uma",
        "meta": "@sys.number",
        "alias": "number",
        "userDefined": false
      },
      {
        "text": " pessoa ",
        "userDefined": false
      },
      {
        "text": "para",
        "meta": "@sys.geo-state",
        "alias": "geo-state",
        "userDefined": false
      },
      {
        "text": " me informar?",
        "userDefined": false
      }
    ],
    "isTemplate": false,
    "count": 0,
    "lang": "pt-br",
    "updated": 0
  },
  {
    "id": "dbef2a12-9ac5-4b62-8078-6e47a5ae446d",
    "data": [
      {
        "text": "tem ",
        "userDefined": false
      },
      {
        "text": "uma",
        "meta": "@sys.number",
        "alias": "number",
        "userDefined": false
      },
      {
        "text": " pessoa pra ",
        "userDefined": false
      },
      {
        "text": "me",
        "meta": "@sys.music-genre",
        "alias": "music-genre",
        "userDefined": false
      },
      {
        "text": " ajudar?",
        "userDefined": false
      }
    ],
    "isTemplate": false,
    "count": 0,
    "lang": "pt-br",
    "updated": 0
  },
  {
    "id": "295ca084-a952-4c26-ac0b-8ea6d705a8e0",
    "data": [
      {
        "text": "falar com",
        "meta": "@sys.url",
        "alias": "url",
        "userDefined": false
      },
      {
        "text": " ",
        "userDefined": false
      },
      {
        "text": "um",
        "meta": "@sys.number",
        "alias": "number",
        "userDefined": false
      },
      {
        "text": " funcionário",
        "userDefined": false
      }
    ],
    "isTemplate": false,
    "count": 0,
    "lang": "pt-br",
    "updated": 0
  },
  {
    "id": "cadecadd-9ab7-4806-8eeb-69c19e812896",
    "data": [
      {
        "text": "falar com",
        "meta": "@sys.url",
        "alias": "url",
        "userDefined": false
      },
      {
        "text": " humano",
        "userDefined": false
      }
    ],
    "isTemplate": false,
    "count": 0,
    "lang": "pt-br",
    "updated": 0
  },
  {
    "id": "607c609f-15b4-40b7-8a62-4f6f149d05f3",
    "data": [
      {
        "text": "quero ser atendido por ",
        "userDefined": false
      },
      {
        "text": "uma",
        "meta": "@sys.number",
        "alias": "number",
        "userDefined": false
      },
      {
        "text": " pessoa",
        "userDefined": false
      }
    ],
    "isTemplate": false,
    "count": 0,
    "lang": "pt-br",
    "updated": 0
  },
  {
    "id": "04d85efa-6cf7-46dd-95c8-7070cccff81f",
    "data": [
      {
        "text": "desejo falar com",
        "meta": "@sys.url",
        "alias": "url",
        "userDefined": false
      },
      {
        "text": " ",
        "userDefined": false
      },
      {
        "text": "um",
        "meta": "@sys.number",
        "alias": "number",
        "userDefined": false
      },
      {
        "text": " humano",
        "userDefined": false
      }
    ],
    "isTemplate": false,
    "count": 0,
    "lang": "pt-br",
    "updated": 0
  },
  {
    "id": "7ec27350-fca0-4b83-92b5-866aaa28ee46",
    "data": [
      {
        "text": "falar com",
        "meta": "@sys.url",
        "alias": "url",
        "userDefined": false
      },
      {
        "text": " o ",
        "userDefined": false
      },
      {
        "text": "gerente",
        "meta": "@sys.person",
        "alias": "person",
        "userDefined": false
      }
    ],
    "isTemplate": false,
    "count": 0,
    "lang": "pt-br",
    "updated": 0
  },
  {
    "id": "e044c6cf-5cf8-4282-9933-643e238ebc64",
    "data": [
      {
        "text": "quero falar com",
        "meta": "@sys.url",
        "alias": "url",
        "userDefined": false
      },
      {
        "text": " ",
        "userDefined": false
      },
      {
        "text": "um",
        "meta": "@sys.number",
        "alias": "number",
        "userDefined": false
      },
      {
        "text": " humano",
        "userDefined": false
      }
    ],
    "isTemplate": false,
    "count": 0,
    "lang": "pt-br",
    "updated": 0
  },
  {
    "id": "432cad67-a9b5-4373-af97-7d1aca05e0a6",
    "data": [
      {
        "text": "quero ",
        "userDefined": false
      },
      {
        "text": "um",
        "meta": "@sys.number",
        "alias": "number",
        "userDefined": false
      },
      {
        "text": " especialista",
        "userDefined": false
      }
    ],
    "isTemplate": false,
    "count": 0,
    "lang": "pt-br",
    "updated": 0
  },
  {
    "id": "1e0dff38-9fe3-443b-ba7b-9362876dc2dc",
    "data": [
      {
        "text": "falar com",
        "meta": "@sys.url",
        "alias": "url",
        "userDefined": false
      },
      {
        "text": " atendente",
        "userDefined": false
      }
    ],
    "isTemplate": false,
    "count": 0,
    "lang": "pt-br",
    "updated": 0
  }
]