[
  {
    "id": "7ff5866c-73dd-4dbc-ba4e-ea9f2c8cb44d",
    "data": [
      {
        "text": "Prosseguir",
        "userDefined": false
      }
    ],
    "isTemplate": false,
    "count": 0,
    "lang": "pt-br",
    "updated": 0
  },
  {
    "id": "0a3ec7bc-efeb-4766-80b3-aa580b0917a4",
    "data": [
      {
        "text": "quero fazer uma denúncia",
        "userDefined": false
      }
    ],
    "isTemplate": false,
    "count": 0,
    "lang": "pt-br",
    "updated": 0
  },
  {
    "id": "b5031366-4c6d-4128-8a42-ac477fda7182",
    "data": [
      {
        "text": "denunciar produto falso",
        "userDefined": false
      }
    ],
    "isTemplate": false,
    "count": 0,
    "lang": "pt-br",
    "updated": 0
  },
  {
    "id": "72a24050-647b-4353-b2a9-3e08c50008f2",
    "data": [
      {
        "text": "sim",
        "userDefined": false
      }
    ],
    "isTemplate": false,
    "count": 0,
    "lang": "pt-br",
    "updated": 0
  },
  {
    "id": "9813f25c-7b16-4628-9776-414924ad1eae",
    "data": [
      {
        "text": "estou de acordo",
        "userDefined": false
      }
    ],
    "isTemplate": false,
    "count": 0,
    "lang": "pt-br",
    "updated": 0
  },
  {
    "id": "25bc985c-a8db-4f39-aeba-516b8ad83a19",
    "data": [
      {
        "text": "aceito",
        "userDefined": false
      }
    ],
    "isTemplate": false,
    "count": 0,
    "lang": "pt-br",
    "updated": 0
  },
  {
    "id": "04d7e9db-76bd-496f-9271-d20356174580",
    "data": [
      {
        "text": "registrar falsificação",
        "userDefined": false
      }
    ],
    "isTemplate": false,
    "count": 0,
    "lang": "pt-br",
    "updated": 0
  },
  {
    "id": "e23fd351-ea7e-4f3e-a328-151beda904ab",
    "data": [
      {
        "text": "pode continuar",
        "userDefined": false
      }
    ],
    "isTemplate": false,
    "count": 0,
    "lang": "pt-br",
    "updated": 0
  },
  {
    "id": "1fd9bb45-2323-4e2d-a448-6f16b091e02d",
    "data": [
      {
        "text": "vamos lá",
        "userDefined": false
      }
    ],
    "isTemplate": false,
    "count": 0,
    "lang": "pt-br",
    "updated": 0
  },
  {
    "id": "636e544e-53be-41b9-97b2-139b4bbb6cd9",
    "data": [
      {
        "text": "ok",
        "userDefined": false
      }
    ],
    "isTemplate": false,
    "count": 0,
    "lang": "pt-br",
    "updated": 0
  }
]