[
  {
    "id": "bdf58986-55ad-454e-bb0c-d9d63ff1bff2",
    "data": [
      {
        "text": "pode me atualizar sobre o meu caso?",
        "userDefined": false
      }
    ],
    "isTemplate": false,
    "count": 0,
    "lang": "pt-br",
    "updated": 0
  },
  {
    "id": "2a5ea475-5f2a-4294-8276-55bba45e0bd8",
    "data": [
      {
        "text": "qual o andamento das coisas?",
        "userDefined": false
      }
    ],
    "isTemplate": false,
    "count": 0,
    "lang": "pt-br",
    "updated": 0
  },
  {
    "id": "fc78afca-d1df-440f-af00-7d4786a9aa8a",
    "data": [
      {
        "text": "como está o andamento ",
        "userDefined": false
      },
      {
        "text": "do",
        "meta": "@sys.color",
        "alias": "color",
        "userDefined": false
      },
      {
        "text": " caso ",
        "userDefined": false
      },
      {
        "text": "5555",
        "meta": "@sys.number",
        "alias": "number",
        "userDefined": false
      },
      {
        "text": "?",
        "userDefined": false
      }
    ],
    "isTemplate": false,
    "count": 0,
    "lang": "pt-br",
    "updated": 0
  },
  {
    "id": "12255288-7865-4909-b6b7-8df9e3355cde",
    "data": [
      {
        "text": "quero atualizações ",
        "userDefined": false
      },
      {
        "text": "do",
        "meta": "@sys.color",
        "alias": "color",
        "userDefined": false
      },
      {
        "text": " meu caso",
        "userDefined": false
      }
    ],
    "isTemplate": false,
    "count": 0,
    "lang": "pt-br",
    "updated": 0
  },
  {
    "id": "8ae7ebb8-0c2d-4cfb-b3e1-ef24de6528d1",
    "data": [
      {
        "text": "como está o meu caso?",
        "userDefined": false
      }
    ],
    "isTemplate": false,
    "count": 0,
    "lang": "pt-br",
    "updated": 0
  },
  {
    "id": "3770a835-e8b6-4881-8eef-eca981376f45",
    "data": [
      {
        "text": "qual o andamento ",
        "userDefined": false
      },
      {
        "text": "do",
        "meta": "@sys.color",
        "alias": "color",
        "userDefined": false
      },
      {
        "text": " meu caso?",
        "userDefined": false
      }
    ],
    "isTemplate": false,
    "count": 0,
    "lang": "pt-br",
    "updated": 0
  },
  {
    "id": "1d9faf43-2e22-4d8e-853e-7be2620265cd",
    "data": [
      {
        "text": "qual o status ",
        "userDefined": false
      },
      {
        "text": "do",
        "meta": "@sys.color",
        "alias": "color",
        "userDefined": false
      },
      {
        "text": " meu caso?",
        "userDefined": false
      }
    ],
    "isTemplate": false,
    "count": 0,
    "lang": "pt-br",
    "updated": 0
  },
  {
    "id": "9c7ee686-9d32-4a09-8970-904a76507e56",
    "data": [
      {
        "text": "consultar andamento",
        "userDefined": false
      }
    ],
    "isTemplate": false,
    "count": 0,
    "lang": "pt-br",
    "updated": 0
  },
  {
    "id": "568021a1-495f-4c2d-8277-3f2a83e2a2c5",
    "data": [
      {
        "text": "qual o status ",
        "userDefined": false
      },
      {
        "text": "do",
        "meta": "@sys.color",
        "alias": "color",
        "userDefined": false
      },
      {
        "text": " caso ",
        "userDefined": false
      },
      {
        "text": "11256",
        "meta": "@sys.number",
        "alias": "number",
        "userDefined": false
      }
    ],
    "isTemplate": false,
    "count": 0,
    "lang": "pt-br",
    "updated": 0
  },
  {
    "id": "5b84ecb0-e6e3-458f-b117-bbddd0d72b4b",
    "data": [
      {
        "text": "verificar meu protocolo",
        "userDefined": false
      }
    ],
    "isTemplate": false,
    "count": 0,
    "lang": "pt-br",
    "updated": 0
  }
]