[
  {
    "value": "vazamento",
    "synonyms": [
      "vazamento"
    ]
  },
  {
    "value": "não reconhece",
    "synonyms": [
      "não reconhece"
    ]
  },
  {
    "value": "impressão falha",
    "synonyms": [
      "impressão falha"
    ]
  },
  {
    "value": "qualidade ruim",
    "synonyms": [
      "qualidade ruim"
    ]
  },
  {
    "value": "manchando o papel",
    "synonyms": [
      "manchando o papel"
    ]
  },
  {
    "value": "embalagem suspeita",
    "synonyms": [
      "embalagem suspeita"
    ]
  }
]