[
  {
    "value": "tipo_produto",
    "synonyms": [
      "tipo_produto"
    ]
  },
  {
    "value": "canal_venda",
    "synonyms": [
      "canal_venda"
    ]
  },
  {
    "value": "uf",
    "synonyms": [
      "uf"
    ]
  },
  {
    "value": "tem_nf",
    "synonyms": [
      "tem_nf"
    ]
  },
  {
    "value": "motivo_suspeito",
    "synonyms": [
      "motivo_suspeito"
    ]
  },
  {
    "value": "linha_modelo",
    "synonyms": [
      "linha_modelo"
    ]
  },
  {
    "value": "numero_serie",
    "synonyms": [
      "numero_serie"
    ]
  },
  {
    "value": "loja_nome",
    "synonyms": [
      "loja_nome"
    ]
  },
  {
    "value": "municipio",
    "synonyms": [
      "municipio"
    ]
  },
  {
    "value": "data_compra",
    "synonyms": [
      "data_compra"
    ]
  },
  {
    "value": "moeda_valor",
    "synonyms": [
      "moeda_valor"
    ]
  }
]